﻿Name ,Start Time,End Time ,Weekday 
Sleep ,00:00,09:00,Monday
ECE ,11:30,12:30,Monday
IE 332,13:30,14:30,Monday
MGMT,16:30,17:30,Monday
Sleep ,00:00,09:00,Tuesday
IE383,13:30,15:00,Tuesday
Sleep ,00:00,09:00,Wednesday
ECE ,11:30,12:30,Wednesday
IE 332,13:30,14:30,Wednesday
MGMT,16:30,17:30,Wednesday
Sleep ,00:00,09:00,Thursday
IE383,13:30,15:00,Thursday
Sleep ,00:00,09:00,Thursday
ECE ,11:30,12:30,Friday
IE 332,13:30,14:30,Friday
MGMT,16:30,17:30,Friday
Sleep ,00:00,09:00,Saturday
Sleep ,00:00,09:00,Sunday
