Name,Start Time,End Time,Weekday
Sleep,00:00,09:30,Monday
Sleep,00:00,09:30,Tuesday
Sleep,00:00,09:30,Wednesday
Sleep,00:00,09:30,Thursday
Sleep,00:00,09:30,Friday
Sleep,00:00,11:00,Saturday
Sleep,00:00,11:00,Sunday
MA266,12:30,13:30,Monday
MA266,12:30,13:30,Wednesday
MA266,12:30,13:30,Friday
IE332 Lec,13:30,14:30,Monday
IE332 Lec,13:30,14:30,Wednesday
IE332 Lec,13:30,14:30,Friday
ECE20001,14:30,15:30,Monday
ECE20001,14:30,15:30,Wednesday
ECE20001,14:30,15:30,Friday
EAPS 106,12:00,13:00,Tuesday
EAPS 106,12:00,13:00,Thursday
Work,17:00,21:00,Tuesday
Work,16:00,20:00,Friday
Work,17:00,22:00,Saturday
332 TA Meeting,17:00,17:30,Thursday
Sleep,22:00,23:30,Monday
Sleep,22:00,23:30,Tuesday
Sleep,22:00,23:30,Wednesday
Sleep,22:00,23:30,Thursday
Sleep,22:00,23:30,Sunday
