Name,Start Time,End Time,Weekday,Week
Sleep,00:00,09:30,Monday,
Sleep,00:00,09:30,Tuesday,
Sleep,00:00,09:30,Wednesday,
Sleep,00:00,09:30,Thursday,
Sleep,00:00,09:30,Friday,
Sleep,00:00,11:00,Saturday,
Sleep,00:00,11:00,Sunday,
Class 1,12:30,13:30,Monday,
Class 1,12:30,13:30,Wednesday,Week Number
Class 1,12:30,13:30,Friday,
Class 2,13:30,14:30,Monday,
Class 2,13:30,14:30,Wednesday,
Class 2,13:30,14:30,Friday,
Class 3,14:30,15:30,Monday,
Class 3,14:30,15:30,Wednesday,
Class 3,14:30,15:30,Friday,
Class 4,12:00,13:00,Tuesday,
Class 4,12:00,13:00,Thursday,
Class 5,20:00,21:00,Monday,6
Class 5,20:00,21:00,Wednesday,6
Work,17:00,21:00,Tuesday,
Work,16:00,20:00,Friday,
Work,17:00,22:00,Saturday,
332 TA Meeting,17:00,17:30,Thursday,
Sleep,22:00,23:30,Monday,
Sleep,22:00,23:30,Tuesday,
Sleep,22:00,23:30,Wednesday,
Sleep,22:00,23:30,Thursday,
Sleep,22:00,23:30,Sunday,
